id,first_name,last_name,email,gender,ip_address
1,Maurice,Rozenbaum,mrozenbaum0@cisco.com,Male,22.232.126.80
2,Marius,Fishenden,mfishenden1@amazon.co.jp,Male,22.102.85.86
3,Fidelity,Metrick,fmetrick2@typepad.com,Female,246.199.158.21
4,Trixi,Smidmoor,tsmidmoor3@nature.com,Female,65.24.198.158
5,Geri,Prettyjohn,gprettyjohn4@php.net,Male,235.59.71.148
6,Kimball,De la Harpe,kdelaharpe5@multiply.com,Male,116.198.80.143
7,Way,Tresler,wtresler6@alibaba.com,Male,172.4.77.192
8,Alexandra,Pimblotte,apimblotte7@instagram.com,Female,33.167.98.171
9,Elmore,McKeggie,emckeggie8@nih.gov,Male,76.222.54.187
10,Ibrahim,Gane,igane9@va.gov,Male,193.45.134.242
11,Emmalee,Barme,ebarmea@nifty.com,Female,153.136.138.67
12,Bent,Vaney,bvaneyb@redcross.org,Male,43.227.59.248
13,Jamima,Hobble,jhobblec@163.com,Female,3.161.116.187
14,Marian,MacFadin,mmacfadind@furl.net,Female,152.183.18.56
15,Waring,Legg,wlegge@soup.io,Male,58.37.215.198
16,Marlon,Clohissy,mclohissyf@csmonitor.com,Male,204.103.56.13
17,Pet,Fenich,pfenichg@alibaba.com,Female,248.225.172.84
18,Leighton,Duding,ldudingh@nba.com,Male,44.186.159.64
19,Lanni,Andrusov,landrusovi@huffingtonpost.com,Female,71.81.191.155
20,Devonne,Maddra,dmaddraj@storify.com,Female,212.124.189.110
21,Ario,Skase,askasek@shutterfly.com,Male,126.78.166.203
22,Mischa,Remon,mremonl@cyberchimps.com,Male,173.195.18.87
23,Pammie,Duckering,pduckeringm@netlog.com,Female,194.246.203.10
24,Candice,Bolzen,cbolzenn@oaic.gov.au,Female,92.236.144.198
25,Ferd,Fryatt,ffryatto@hugedomains.com,Male,180.118.66.36
26,Fifine,O'Dempsey,fodempseyp@networksolutions.com,Female,217.223.185.87
27,Orin,Joynes,ojoynesq@phoca.cz,Male,216.65.83.132
28,Collin,Riepel,criepelr@epa.gov,Male,130.23.177.101
29,Dulcy,Visco,dviscos@ebay.co.uk,Female,54.146.68.224
30,Ede,Battersby,ebattersbyt@sohu.com,Female,184.144.124.38
31,Lyle,O'Shiels,loshielsu@ucoz.ru,Male,1.228.156.251
32,Marcella,Shorie,mshoriev@posterous.com,Female,98.232.80.42
33,Alexandros,Rase,arasew@moonfruit.com,Male,65.236.245.180
34,Benedikt,Sekulla,bsekullax@godaddy.com,Male,53.244.218.187
35,Belvia,Winn,bwinny@blogspot.com,Female,101.210.55.31
36,Lenora,Columbine,lcolumbinez@domainmarket.com,Female,212.162.147.46
37,Hyacinthe,Clearley,hclearley10@ted.com,Female,124.77.43.112
38,Allan,Quarry,aquarry11@a8.net,Male,17.50.151.147
39,Cordi,Jurczik,cjurczik12@topsy.com,Female,65.100.89.74
40,Piggy,Whetnall,pwhetnall13@springer.com,Male,40.200.50.185
41,Star,McLurg,smclurg14@php.net,Female,199.199.205.124
42,Dulce,Doggett,ddoggett15@sphinn.com,Female,99.82.59.195
43,Annora,Gouley,agouley16@twitpic.com,Female,223.163.40.92
44,Henri,Zealy,hzealy17@redcross.org,Male,51.132.204.73
45,Bucky,Fishlee,bfishlee18@accuweather.com,Male,179.103.169.99
46,Sid,Ghost,sghost19@seattletimes.com,Male,78.138.83.227
47,Misha,Higounet,mhigounet1a@bluehost.com,Female,246.39.200.168
48,Etta,Darter,edarter1b@mail.ru,Female,31.177.238.234
49,Philbert,Hardacre,phardacre1c@ebay.com,Male,36.97.134.160
50,Inesita,Pattingson,ipattingson1d@behance.net,Female,127.103.4.113
51,Malcolm,Schimoni,mschimoni1e@usa.gov,Male,115.62.205.100
52,Enos,Barhems,ebarhems1f@cdc.gov,Male,34.150.236.195
53,Tiphani,Oliveras,toliveras1g@paypal.com,Female,94.97.20.230
54,Cass,Horsey,chorsey1h@miibeian.gov.cn,Male,190.39.139.175
55,Karrah,Stapley,kstapley1i@list-manage.com,Female,149.98.86.85
56,Johan,Poon,jpoon1j@t-online.de,Male,86.247.250.230
57,Halley,Franzen,hfranzen1k@jiathis.com,Female,177.58.46.171
58,Matthew,Carse,mcarse1l@vistaprint.com,Male,188.99.178.227
59,Falito,Beidebeke,fbeidebeke1m@ox.ac.uk,Male,39.239.225.86
60,Hubey,Pala,hpala1n@dropbox.com,Male,210.87.92.188
61,Katee,Francescozzi,kfrancescozzi1o@weather.com,Female,60.169.204.89
62,Foster,Tooley,ftooley1p@marriott.com,Male,166.156.155.168
63,Debbi,Barwick,dbarwick1q@vk.com,Female,18.102.43.90
64,Jackqueline,Boissier,jboissier1r@github.io,Female,228.254.104.95
65,Kirby,Bertram,kbertram1s@patch.com,Female,136.124.146.12
66,Doll,Baudins,dbaudins1t@goo.ne.jp,Female,5.3.6.71
67,Jacquetta,Parken,jparken1u@nps.gov,Female,250.134.228.170
68,Flory,Dowry,fdowry1v@patch.com,Female,203.134.108.126
69,Rockey,Checci,rchecci1w@salon.com,Male,61.111.102.164
70,Clay,Maskell,cmaskell1x@gmpg.org,Male,128.82.182.8
71,Alister,Child,achild1y@ycombinator.com,Male,116.98.11.164
72,Elisabetta,Whiteson,ewhiteson1z@patch.com,Female,99.185.130.106
73,Iggie,Phizaclea,iphizaclea20@arstechnica.com,Male,168.122.0.233
74,Zebedee,McIlroy,zmcilroy21@patch.com,Male,35.241.247.173
75,Bobbette,Redmore,bredmore22@intel.com,Female,106.104.131.88
76,Tyrone,Labrum,tlabrum23@loc.gov,Male,73.39.196.176
77,Justina,Frawley,jfrawley24@unesco.org,Female,151.161.150.206
78,Odessa,Cartmill,ocartmill25@techcrunch.com,Female,143.255.59.154
79,Chlo,Aldred,caldred26@trellian.com,Female,175.232.199.10
80,Alleen,Fellow,afellow27@scribd.com,Female,114.61.211.79
81,Vin,Caiger,vcaiger28@skyrock.com,Female,215.8.112.102
82,Sheridan,Mowlam,smowlam29@nytimes.com,Male,109.68.24.75
83,Christina,Tabbitt,ctabbitt2a@vkontakte.ru,Female,3.143.154.41
84,Adah,Barbrook,abarbrook2b@globo.com,Female,66.76.91.15
85,Reynard,Lindback,rlindback2c@walmart.com,Male,139.22.225.82
86,Duke,Matelyunas,dmatelyunas2d@illinois.edu,Male,244.209.138.85
87,Diarmid,Zoane,dzoane2e@cdbaby.com,Male,87.30.73.205
88,Waverly,Melland,wmelland2f@army.mil,Male,221.241.236.118
89,Nona,Hintze,nhintze2g@4shared.com,Female,198.41.197.207
90,Cindi,Piddocke,cpiddocke2h@pinterest.com,Female,88.140.11.108
91,Judon,Goude,jgoude2i@newyorker.com,Male,66.217.32.105
92,Helsa,Powton,hpowton2j@go.com,Female,29.29.106.125
93,Natty,Blenkensop,nblenkensop2k@privacy.gov.au,Male,153.165.66.142
94,Austin,Connerly,aconnerly2l@yandex.ru,Female,232.85.120.95
95,Durante,Koomar,dkoomar2m@hao123.com,Male,137.52.196.231
96,Pavel,Playford,pplayford2n@economist.com,Male,237.93.63.88
97,Lisabeth,Leband,lleband2o@ihg.com,Female,61.142.183.23
98,Isak,Mouncher,imouncher2p@mit.edu,Male,27.186.98.188
99,Daune,Nesey,dnesey2q@flickr.com,Female,183.170.87.17
100,Tiler,Arthurs,tarthurs2r@rakuten.co.jp,Male,28.205.197.209
101,Stepha,Hannah,shannah2s@cyberchimps.com,Female,155.13.125.213
102,Ida,Eagleston,ieagleston2t@mashable.com,Female,15.21.227.40
103,Loralee,Wilne,lwilne2u@discovery.com,Female,5.98.102.60
104,Dalton,Gaskill,dgaskill2v@yolasite.com,Male,241.12.91.23
105,Glory,Crosfeld,gcrosfeld2w@examiner.com,Female,39.39.180.179
106,Arda,Langstaff,alangstaff2x@chronoengine.com,Female,149.5.50.118
107,Adriena,Daingerfield,adaingerfield2y@nationalgeographic.com,Female,2.153.162.150
108,Tedi,Caskey,tcaskey2z@wikispaces.com,Female,208.112.153.193
109,Che,Tasseler,ctasseler30@mozilla.org,Male,35.104.13.204
110,Pooh,Ferraro,pferraro31@trellian.com,Male,203.0.196.224
111,Gino,McSweeney,gmcsweeney32@360.cn,Male,41.137.98.46
112,Zared,Leale,zleale33@japanpost.jp,Male,166.244.91.45
113,Orazio,McGilvray,omcgilvray34@homestead.com,Male,36.184.237.57
114,Abbie,Winscum,awinscum35@etsy.com,Male,105.33.113.90
115,Lannie,Ben-Aharon,lbenaharon36@redcross.org,Male,87.34.125.117
116,Rhodia,Dowyer,rdowyer37@wufoo.com,Female,118.21.139.69
117,Janek,Osgar,josgar38@360.cn,Male,116.239.3.2
118,Rollie,MacKaile,rmackaile39@princeton.edu,Male,175.86.240.1
119,Hebert,Dowers,hdowers3a@ed.gov,Male,17.192.83.114
120,Tiphani,Kewley,tkewley3b@admin.ch,Female,164.49.34.192
121,Addi,Sheed,asheed3c@angelfire.com,Female,99.99.93.160
122,Ferrell,Camidge,fcamidge3d@lulu.com,Male,255.42.59.1
123,Lizbeth,Lofty,llofty3e@twitpic.com,Female,201.188.213.133
124,Gaelan,Lowensohn,glowensohn3f@sciencedirect.com,Male,65.82.86.93
125,Dalis,Coen,dcoen3g@163.com,Male,142.91.242.232
126,Briggs,Elcum,belcum3h@twitpic.com,Male,197.9.108.82
127,Christiane,Condie,ccondie3i@webnode.com,Female,189.157.171.168
128,Bettye,Glossup,bglossup3j@biblegateway.com,Female,22.72.31.18
129,Leoline,Alan,lalan3k@github.com,Female,109.116.28.252
130,Manya,Planks,mplanks3l@nba.com,Female,52.237.78.106
131,Cornelius,Donaher,cdonaher3m@cbsnews.com,Male,12.32.117.135
132,Ferdinanda,Lusher,flusher3n@census.gov,Female,22.163.79.122
133,Tera,Dohmer,tdohmer3o@springer.com,Female,172.181.216.141
134,Sandra,Pavlenko,spavlenko3p@cnbc.com,Female,103.121.203.72
135,Sande,Fuggles,sfuggles3q@geocities.com,Female,43.204.3.104
136,Bennie,MacEveley,bmaceveley3r@theatlantic.com,Female,84.165.235.199
137,Anallise,Chamberlen,achamberlen3s@alexa.com,Female,51.219.90.88
138,Christoffer,Jeannard,cjeannard3t@elegantthemes.com,Male,2.182.206.11
139,Ermanno,Boal,eboal3u@nba.com,Male,186.253.232.197
140,Israel,Pharro,ipharro3v@furl.net,Male,56.131.89.178
141,Robin,Bodycombe,rbodycombe3w@usgs.gov,Male,19.71.179.60
142,Alfons,Barthorpe,abarthorpe3x@forbes.com,Male,220.115.95.212
143,Faulkner,Danielsohn,fdanielsohn3y@theatlantic.com,Male,10.65.79.106
144,Ricky,Spinozzi,rspinozzi3z@yandex.ru,Female,90.84.70.80
145,Flinn,Pitson,fpitson40@sakura.ne.jp,Male,246.46.20.210
146,Margalo,Fearnley,mfearnley41@webs.com,Female,162.176.245.150
147,Devan,Bevar,dbevar42@washingtonpost.com,Female,48.230.32.246
148,Alena,Andreopolos,aandreopolos43@tamu.edu,Female,186.17.226.226
149,Tobin,Abethell,tabethell44@samsung.com,Male,29.236.194.98
150,Sandro,Cosley,scosley45@china.com.cn,Male,215.14.223.102
151,Kandace,Mulcock,kmulcock46@fc2.com,Female,148.94.80.152
152,Wynn,Crack,wcrack47@ning.com,Female,105.136.28.185
153,Lowe,Morat,lmorat48@spotify.com,Male,147.241.136.91
154,Georgia,Bonsey,gbonsey49@goo.ne.jp,Female,156.113.19.110
155,Manolo,Dikels,mdikels4a@google.com,Male,2.171.143.194
156,Rosalyn,Trusse,rtrusse4b@hugedomains.com,Female,95.153.255.14
157,Shell,Ellin,sellin4c@pen.io,Female,138.157.111.167
158,Connor,Moorey,cmoorey4d@naver.com,Male,45.4.18.126
159,Starr,Parkeson,sparkeson4e@mail.ru,Female,118.234.42.177
160,Arel,Raccio,araccio4f@huffingtonpost.com,Male,181.253.111.238
161,Andre,Best,abest4g@multiply.com,Male,6.228.202.171
162,Mollie,Bradden,mbradden4h@aol.com,Female,113.107.137.197
163,Alonzo,Aldine,aaldine4i@jigsy.com,Male,21.147.65.194
164,Dulcie,Tunnock,dtunnock4j@cmu.edu,Female,75.5.215.111
165,Lacie,Donneely,ldonneely4k@storify.com,Female,187.177.80.85
166,Tracy,Darko,tdarko4l@spiegel.de,Male,143.72.81.193
167,Katrinka,Filipponi,kfilipponi4m@yelp.com,Female,113.115.239.152
168,Carree,Rasper,crasper4n@youtu.be,Female,190.137.145.229
169,Hamnet,Coady,hcoady4o@auda.org.au,Male,217.207.41.191
170,Wash,Friary,wfriary4p@elegantthemes.com,Male,59.166.103.129
171,Nefen,Proffitt,nproffitt4q@weibo.com,Male,100.198.181.194
172,Violetta,Rolse,vrolse4r@jugem.jp,Female,26.161.76.150
173,Mozelle,Bole,mbole4s@soup.io,Female,51.146.237.212
174,Myrah,Reddy,mreddy4t@technorati.com,Female,134.152.205.254
175,Rodrigo,Brierley,rbrierley4u@cnbc.com,Male,154.17.115.38
176,Dionysus,Currao,dcurrao4v@plala.or.jp,Male,121.136.46.245
177,Delbert,MacGaughey,dmacgaughey4w@marketwatch.com,Male,65.114.126.190
178,Anthiathia,Knottley,aknottley4x@accuweather.com,Female,239.237.100.180
179,Clarey,Anfusso,canfusso4y@washington.edu,Female,46.243.90.145
180,Jimmie,Rudwell,jrudwell4z@ifeng.com,Male,118.188.242.30
181,Jodie,Caudrey,jcaudrey50@imdb.com,Male,207.243.71.157
182,Ardis,Pettingill,apettingill51@jigsy.com,Female,159.4.104.225
183,Skylar,Foard,sfoard52@mapy.cz,Male,71.57.217.189
184,Brenna,Kiernan,bkiernan53@ed.gov,Female,127.140.63.136
185,Cahra,Olkowicz,colkowicz54@imdb.com,Female,92.129.190.161
186,Blanch,Pagram,bpagram55@hugedomains.com,Female,227.209.109.24
187,Lisette,Varden,lvarden56@cdbaby.com,Female,160.40.210.57
188,Seymour,Klemmt,sklemmt57@liveinternet.ru,Male,196.205.16.233
189,Rosabelle,Jessen,rjessen58@istockphoto.com,Female,8.222.162.143
190,Kalindi,Selway,kselway59@dailymail.co.uk,Female,99.88.72.51
191,Trix,Zemler,tzemler5a@webmd.com,Female,204.24.148.116
192,Nissie,Test,ntest5b@imdb.com,Female,181.146.107.35
193,Brod,Kuschel,bkuschel5c@domainmarket.com,Male,67.191.95.21
194,Kathy,Dorrins,kdorrins5d@reference.com,Female,96.178.55.47
195,Reginauld,Eronie,reronie5e@shop-pro.jp,Male,52.84.11.219
196,Bride,Kroon,bkroon5f@mozilla.org,Female,79.254.201.112
197,Meghann,Blackburne,mblackburne5g@jiathis.com,Female,113.63.202.104
198,Syman,Yorston,syorston5h@boston.com,Male,164.54.82.28
199,Flss,Bartolozzi,fbartolozzi5i@unesco.org,Female,32.48.221.145
200,Roman,Brugsma,rbrugsma5j@printfriendly.com,Male,15.168.155.88
201,Gilberto,Kilcoyne,gkilcoyne5k@exblog.jp,Male,176.106.255.173
202,Gibb,Baggot,gbaggot5l@sphinn.com,Male,245.20.194.187
203,Othilie,Vallerine,ovallerine5m@ucla.edu,Female,96.231.212.40
204,Borden,Pittem,bpittem5n@mozilla.com,Male,83.91.240.205
205,Felecia,Dahill,fdahill5o@etsy.com,Female,42.146.86.174
206,Heddi,Whisson,hwhisson5p@topsy.com,Female,207.130.82.8
207,Karim,Swiffen,kswiffen5q@nytimes.com,Male,42.84.183.74
208,Llewellyn,Aaronsohn,laaronsohn5r@tuttocitta.it,Male,125.157.140.232
209,Olivier,Edlestone,oedlestone5s@bing.com,Male,46.23.254.88
210,Harley,Hattrick,hhattrick5t@cloudflare.com,Male,71.237.54.193
211,Hakim,Yushankin,hyushankin5u@webs.com,Male,66.177.140.137
212,Major,Malter,mmalter5v@ezinearticles.com,Male,253.158.162.27
213,Garwin,Brack,gbrack5w@wunderground.com,Male,173.37.152.158
214,Donall,Ulster,dulster5x@parallels.com,Male,175.110.115.48
215,Licha,Stille,lstille5y@harvard.edu,Female,131.125.74.255
216,Andrea,Touret,atouret5z@youku.com,Male,223.186.150.0
217,Mamie,Mueller,mmueller60@dagondesign.com,Female,189.255.192.14
218,Daveen,Easen,deasen61@squidoo.com,Female,107.189.254.158
219,Nissa,Hauxley,nhauxley62@google.com.au,Female,206.91.219.98
220,Corny,Fourman,cfourman63@loc.gov,Male,207.103.52.126
221,Osbert,Labram,olabram64@domainmarket.com,Male,132.120.196.252
222,Earl,Fullerton,efullerton65@soup.io,Male,157.49.22.62
223,Rolph,Placidi,rplacidi66@tripod.com,Male,92.126.248.148
224,Bentlee,Amies,bamies67@mlb.com,Male,245.255.71.194
225,Adriena,Venes,avenes68@microsoft.com,Female,51.7.108.60
226,Addie,Cayser,acayser69@intel.com,Male,176.235.86.216
227,Elnore,Cayette,ecayette6a@nydailynews.com,Female,99.57.72.146
228,Llywellyn,Sharma,lsharma6b@nba.com,Male,239.232.91.248
229,Kerr,De Pero,kdepero6c@multiply.com,Male,5.17.248.245
230,Valina,Beake,vbeake6d@smugmug.com,Female,169.125.15.127
231,Cassandre,Fellowes,cfellowes6e@dion.ne.jp,Female,105.178.202.66
232,Lorianna,Sturgeon,lsturgeon6f@who.int,Female,232.228.40.249
233,Hal,Clements,hclements6g@msu.edu,Male,20.137.176.165
234,Forbes,Haensel,fhaensel6h@state.tx.us,Male,128.22.225.148
235,Isak,Grabeham,igrabeham6i@cisco.com,Male,130.191.152.63
236,Felicity,Willows,fwillows6j@merriam-webster.com,Female,103.3.162.181
237,Jourdain,Teresia,jteresia6k@webnode.com,Male,52.158.0.182
238,Amity,Ossulton,aossulton6l@ox.ac.uk,Female,48.223.50.62
239,Maureen,Secombe,msecombe6m@bluehost.com,Female,160.56.209.72
240,Conchita,Foynes,cfoynes6n@geocities.com,Female,140.231.155.125
241,Liana,Petchey,lpetchey6o@163.com,Female,86.14.162.68
242,Anstice,Tranmer,atranmer6p@statcounter.com,Female,188.124.193.240
243,Nelly,Synan,nsynan6q@auda.org.au,Female,218.201.206.173
244,Anthe,Kinny,akinny6r@t-online.de,Female,189.59.24.36
245,Mikey,Smales,msmales6s@flickr.com,Male,67.46.48.103
246,Fin,Rowena,frowena6t@typepad.com,Male,32.62.31.244
247,Willem,Atyea,watyea6u@spiegel.de,Male,65.2.42.202
248,Neddy,Kilfeder,nkilfeder6v@wunderground.com,Male,247.143.69.150
249,Breena,Scuffham,bscuffham6w@constantcontact.com,Female,12.68.139.240
250,Briant,Seabridge,bseabridge6x@rediff.com,Male,169.250.84.223
251,Cherice,Kissell,ckissell6y@wufoo.com,Female,241.232.191.231
252,Avery,Andriveau,aandriveau6z@howstuffworks.com,Male,40.48.99.33
253,Lorri,Nutley,lnutley70@de.vu,Female,203.87.2.117
254,Jayme,Slateford,jslateford71@artisteer.com,Female,123.32.52.85
255,Ban,Swaffield,bswaffield72@intel.com,Male,37.30.229.104
256,Tamiko,Petto,tpetto73@phpbb.com,Female,87.101.183.147
257,Claire,Boatswain,cboatswain74@eepurl.com,Female,177.172.242.181
258,Wanda,Igonet,wigonet75@netlog.com,Female,123.73.8.12
259,Corilla,Kulicke,ckulicke76@chron.com,Female,31.133.211.251
260,Concettina,Divver,cdivver77@twitpic.com,Female,45.93.196.80
261,Kendal,Gouldthorpe,kgouldthorpe78@ycombinator.com,Male,253.80.211.55
262,Emma,Spridgeon,espridgeon79@amazonaws.com,Female,64.180.245.231
263,Denni,Kubas,dkubas7a@merriam-webster.com,Female,19.139.210.73
264,Buddy,Symmers,bsymmers7b@sfgate.com,Male,180.140.147.195
265,Corene,Leak,cleak7c@ucla.edu,Female,11.52.10.154
266,Curran,Manicomb,cmanicomb7d@facebook.com,Male,201.142.124.251
267,Aurelia,Perutto,aperutto7e@pinterest.com,Female,235.227.68.133
268,Guthry,Warcop,gwarcop7f@mlb.com,Male,72.121.22.55
269,Kellyann,Pointing,kpointing7g@sohu.com,Female,233.140.23.204
270,Jania,Kean,jkean7h@arizona.edu,Female,115.92.198.57
271,Almeda,Conford,aconford7i@naver.com,Female,98.126.67.135
272,Kat,Ondrus,kondrus7j@google.co.jp,Female,234.54.33.100
273,Lek,Grossman,lgrossman7k@blogs.com,Male,87.147.144.235
274,Rycca,Lear,rlear7l@senate.gov,Female,46.37.222.4
275,Rowe,Korpolak,rkorpolak7m@jimdo.com,Female,33.255.11.148
276,Marisa,Blindermann,mblindermann7n@storify.com,Female,234.170.158.172
277,Zara,Verney,zverney7o@dell.com,Female,143.207.4.158
278,Nonah,Feige,nfeige7p@craigslist.org,Female,202.49.38.21
279,Madeline,Stetson,mstetson7q@comcast.net,Female,106.196.139.18
280,Bunny,Dumphry,bdumphry7r@1und1.de,Female,116.166.223.71
281,Roselia,Calliss,rcalliss7s@digg.com,Female,244.125.58.145
282,Valerie,Kennerknecht,vkennerknecht7t@myspace.com,Female,211.64.151.135
283,Hillier,Yerrill,hyerrill7u@gravatar.com,Male,253.100.96.255
284,Tarra,Spendley,tspendley7v@aol.com,Female,218.0.198.181
285,Cathlene,Eckley,ceckley7w@odnoklassniki.ru,Female,6.206.10.226
286,Flss,Kenvin,fkenvin7x@symantec.com,Female,145.159.107.49
287,Gabriel,Perillo,gperillo7y@example.com,Male,174.56.172.136
288,Barri,Doick,bdoick7z@deliciousdays.com,Male,255.213.246.173
289,Katleen,Veschambes,kveschambes80@stumbleupon.com,Female,165.123.250.218
290,Reinhold,Owttrim,rowttrim81@usnews.com,Male,88.76.46.235
291,Elysha,Presley,epresley82@ebay.co.uk,Female,102.130.104.201
292,Jillene,Hall-Gough,jhallgough83@live.com,Female,143.63.106.171
293,Che,Pimblotte,cpimblotte84@google.co.jp,Male,185.215.215.31
294,Bernice,Rodden,brodden85@i2i.jp,Female,85.73.171.135
295,Katheryn,Dorkin,kdorkin86@amazon.com,Female,224.112.220.175
296,Ethelbert,Anstead,eanstead87@nhs.uk,Male,102.2.180.240
297,Janey,Klimontovich,jklimontovich88@quantcast.com,Female,9.70.126.148
298,Ann,Cammoile,acammoile89@biglobe.ne.jp,Female,230.16.130.63
299,Margit,Keyes,mkeyes8a@furl.net,Female,112.206.31.132
300,Elicia,Luckie,eluckie8b@alexa.com,Female,244.164.253.6
301,Kathryn,Roalfe,kroalfe8c@wix.com,Female,106.157.234.178
302,Richy,O'Finan,rofinan8d@ustream.tv,Male,158.253.112.128
303,Elvis,Colbourne,ecolbourne8e@state.tx.us,Male,25.119.98.196
304,Kathryn,Beeke,kbeeke8f@nbcnews.com,Female,244.117.1.158
305,Claiborne,Vela,cvela8g@nba.com,Male,143.163.188.202
306,Feliks,Spadazzi,fspadazzi8h@storify.com,Male,251.166.139.46
307,Von,Lanphier,vlanphier8i@geocities.jp,Male,196.38.146.5
308,Anabella,Wickenden,awickenden8j@uiuc.edu,Female,237.1.160.209
309,Richard,Porcher,rporcher8k@blogtalkradio.com,Male,175.239.96.17
310,Shanan,Juszczak,sjuszczak8l@twitpic.com,Male,170.248.25.121
311,Deedee,Rathborne,drathborne8m@salon.com,Female,20.96.249.80
312,Demetris,Margetson,dmargetson8n@facebook.com,Female,20.97.140.195
313,Brita,Farrants,bfarrants8o@surveymonkey.com,Female,89.144.239.23
314,Catlee,Congreave,ccongreave8p@yellowbook.com,Female,236.224.34.234
315,Ibbie,Elnor,ielnor8q@arizona.edu,Female,112.15.176.229
316,Karlotte,Craske,kcraske8r@va.gov,Female,199.221.4.51
317,Coralie,Woollard,cwoollard8s@home.pl,Female,188.245.43.177
318,Mora,Maylam,mmaylam8t@netscape.com,Female,136.56.60.99
319,Fonzie,Denison,fdenison8u@statcounter.com,Male,237.196.120.229
320,Smitty,Kobpa,skobpa8v@mozilla.com,Male,252.79.112.2
321,Isador,Bortolozzi,ibortolozzi8w@eepurl.com,Male,205.20.138.161
322,Tobiah,Attrie,tattrie8x@alibaba.com,Male,44.248.22.47
323,Nelle,Faulkener,nfaulkener8y@cocolog-nifty.com,Female,59.190.195.171
324,Trixi,Kewley,tkewley8z@ft.com,Female,238.74.0.77
325,Jobi,Drains,jdrains90@so-net.ne.jp,Female,11.188.83.28
326,Cathee,Gerish,cgerish91@freewebs.com,Female,87.139.202.196
327,Dwight,Mattheis,dmattheis92@merriam-webster.com,Male,248.236.15.92
328,Reggie,O'Leagham,roleagham93@cisco.com,Male,65.179.15.153
329,Everard,Joutapaitis,ejoutapaitis94@nymag.com,Male,61.235.240.103
330,Otto,Marryatt,omarryatt95@nymag.com,Male,91.227.33.239
331,Duncan,Sandhill,dsandhill96@google.com.br,Male,33.83.213.43
332,Bettye,Koba,bkoba97@marriott.com,Female,30.84.29.208
333,Joey,Lethley,jlethley98@cafepress.com,Male,235.128.31.59
334,Betteanne,Longhi,blonghi99@ucoz.com,Female,62.59.40.31
335,Marilin,Fern,mfern9a@timesonline.co.uk,Female,228.253.231.52
336,Rhodia,Cuolahan,rcuolahan9b@who.int,Female,62.241.179.104
337,Alain,Dunkersley,adunkersley9c@illinois.edu,Male,45.147.200.210
338,Yoshiko,Brideaux,ybrideaux9d@google.de,Female,128.163.162.131
339,Odell,Klamp,oklamp9e@newsvine.com,Male,193.85.232.108
340,Fidel,Jardine,fjardine9f@goo.ne.jp,Male,26.83.28.170
341,Jud,McGillivrie,jmcgillivrie9g@wix.com,Male,94.123.155.69
342,Blinny,Chantler,bchantler9h@diigo.com,Female,72.211.18.232
343,Tome,Brooker,tbrooker9i@shop-pro.jp,Male,195.1.146.70
344,Janetta,Blumsom,jblumsom9j@foxnews.com,Female,69.145.114.24
345,Wiley,Ruddin,wruddin9k@umn.edu,Male,16.35.32.221
346,Ingrim,Pfeifer,ipfeifer9l@newsvine.com,Male,228.116.165.131
347,Chanda,Fawdrey,cfawdrey9m@blog.com,Female,229.188.102.192
348,Thaxter,McLelland,tmclelland9n@unesco.org,Male,212.230.246.13
349,Felicdad,Boak,fboak9o@dailymail.co.uk,Female,204.193.79.4
350,Douglas,Swabey,dswabey9p@spiegel.de,Male,30.66.44.191
351,Persis,Benoiton,pbenoiton9q@examiner.com,Female,55.168.130.253
352,Frederigo,Eamer,feamer9r@acquirethisname.com,Male,130.60.13.94
353,Vivian,Matthiesen,vmatthiesen9s@wordpress.org,Female,131.87.83.219
354,Karlis,Mordy,kmordy9t@house.gov,Male,83.208.113.48
355,Corene,MacFarlan,cmacfarlan9u@istockphoto.com,Female,156.172.252.52
356,Orren,Beckhurst,obeckhurst9v@dailymotion.com,Male,93.31.104.83
357,Nikos,Madill,nmadill9w@umich.edu,Male,218.115.45.208
358,Ulrick,Penswick,upenswick9x@cloudflare.com,Male,123.237.56.191
359,Ashlie,Giffaut,agiffaut9y@chronoengine.com,Female,200.18.173.220
360,Hedwig,Hallums,hhallums9z@fda.gov,Female,139.149.98.196
361,Chase,Galgey,cgalgeya0@umich.edu,Male,140.237.108.175
362,Karly,Taillant,ktaillanta1@unicef.org,Female,37.205.101.143
363,Frazier,Tear,fteara2@friendfeed.com,Male,19.9.218.70
364,Wesley,Woffinden,wwoffindena3@nytimes.com,Male,8.241.238.115
365,Carroll,Rubbens,crubbensa4@npr.org,Male,1.192.152.253
366,Keefer,Teodori,kteodoria5@npr.org,Male,41.93.146.151
367,Lynde,Duding,ldudinga6@typepad.com,Female,170.115.128.169
368,Sid,Huntingford,shuntingforda7@unc.edu,Male,89.88.145.37
369,Romeo,Rapport,rrapporta8@amazon.co.uk,Male,95.49.20.159
370,Mireielle,Abrashkov,mabrashkova9@taobao.com,Female,73.47.101.70
371,Teresina,Yanele,tyaneleaa@miibeian.gov.cn,Female,88.190.186.128
372,Germana,Wafer,gwaferab@pbs.org,Female,112.148.108.182
373,Georgette,Cosker,gcoskerac@ox.ac.uk,Female,244.225.104.177
374,Basilio,Monsey,bmonseyad@forbes.com,Male,39.124.53.218
375,Newton,Baldoni,nbaldoniae@themeforest.net,Male,54.5.173.42
376,Vinni,Mansuer,vmansueraf@deviantart.com,Female,162.207.223.208
377,Eddi,Sevior,eseviorag@statcounter.com,Female,88.162.21.76
378,Ellwood,Yarrow,eyarrowah@buzzfeed.com,Male,80.60.92.66
379,Suzie,Riggulsford,sriggulsfordai@sitemeter.com,Female,206.21.57.173
380,Delphinia,Scully,dscullyaj@webmd.com,Female,51.233.42.140
381,Pip,Jentzsch,pjentzschak@businesswire.com,Male,207.115.176.188
382,Carter,Frapwell,cfrapwellal@illinois.edu,Male,102.248.106.189
383,Radcliffe,Mallison,rmallisonam@usnews.com,Male,14.87.139.201
384,Michael,Tappor,mtapporan@mlb.com,Male,39.89.62.25
385,Rabbi,Tench,rtenchao@wikipedia.org,Male,226.168.23.147
386,Lolly,Clear,lclearap@microsoft.com,Female,119.130.111.28
387,Peg,Smallacombe,psmallacombeaq@stanford.edu,Female,133.158.141.103
388,Art,Robertshaw,arobertshawar@dagondesign.com,Male,85.182.60.210
389,Sergei,Wadmore,swadmoreas@google.fr,Male,76.147.74.148
390,Fawn,Surphliss,fsurphlissat@microsoft.com,Female,98.75.189.131
391,Lefty,Schaffel,lschaffelau@wordpress.org,Male,102.5.134.198
392,Gloriane,Goodfield,ggoodfieldav@devhub.com,Female,250.6.113.185
393,Gilberto,Summerley,gsummerleyaw@dyndns.org,Male,148.81.220.84
394,Rozalin,Necrews,rnecrewsax@stumbleupon.com,Female,99.68.48.137
395,Theodosia,Ruston,trustonay@foxnews.com,Female,150.174.224.151
396,Juliane,Pontin,jpontinaz@devhub.com,Female,46.85.208.206
397,Gabriel,Gromley,ggromleyb0@wikimedia.org,Female,241.183.253.99
398,Alverta,Woodfield,awoodfieldb1@huffingtonpost.com,Female,73.67.104.13
399,Felipe,Ashpital,fashpitalb2@tinypic.com,Male,187.193.74.115
400,Ida,Laborda,ilabordab3@clickbank.net,Female,145.169.218.94
401,Gerta,Layton,glaytonb4@51.la,Female,127.136.113.95
402,Frannie,Morlon,fmorlonb5@amazonaws.com,Male,27.87.54.186
403,Ned,Brissenden,nbrissendenb6@cbc.ca,Male,42.179.136.104
404,Barnabe,Walton,bwaltonb7@icio.us,Male,104.193.49.4
405,Jone,Eslemont,jeslemontb8@nature.com,Male,27.43.74.98
406,Leela,Lax,llaxb9@hao123.com,Female,52.50.212.102
407,Lauritz,Mushet,lmushetba@xing.com,Male,221.137.211.36
408,Gunilla,Barhems,gbarhemsbb@msn.com,Female,95.199.138.120
409,Forester,Leverett,fleverettbc@adobe.com,Male,178.121.104.12
410,Izabel,Hazell,ihazellbd@ezinearticles.com,Female,143.64.139.129
411,Lucretia,Martschke,lmartschkebe@webnode.com,Female,178.18.157.171
412,Reinaldos,Baudoux,rbaudouxbf@soup.io,Male,247.157.215.11
413,Anastasia,Hauck,ahauckbg@t.co,Female,129.137.227.180
414,Julina,Mebes,jmebesbh@blog.com,Female,205.24.218.91
415,Fabien,Casado,fcasadobi@archive.org,Male,70.208.102.74
416,Hercule,Clissold,hclissoldbj@patch.com,Male,152.71.220.49
417,Roseanne,Sommerland,rsommerlandbk@nytimes.com,Female,6.79.244.70
418,Dinah,Charman,dcharmanbl@furl.net,Female,103.135.221.101
419,Zechariah,Thomson,zthomsonbm@geocities.com,Male,61.10.157.65
420,Andonis,Guilloud,aguilloudbn@naver.com,Male,98.172.170.122
421,Sylvan,Panton,spantonbo@posterous.com,Male,180.228.129.110
422,Hillary,Grisard,hgrisardbp@fda.gov,Male,84.115.117.35
423,Karlotte,Stranio,kstraniobq@yelp.com,Female,189.118.206.14
424,Fabio,Bason,fbasonbr@live.com,Male,22.108.255.174
425,Dianne,Landreth,dlandrethbs@artisteer.com,Female,244.66.190.194
426,Osborn,Linguard,olinguardbt@typepad.com,Male,248.159.38.54
427,Andromache,Bratt,abrattbu@illinois.edu,Female,217.119.159.252
428,Maryrose,Kerford,mkerfordbv@cpanel.net,Female,145.109.77.157
429,Gabi,Godspeede,ggodspeedebw@hubpages.com,Female,18.157.91.60
430,Brandon,Fursey,bfurseybx@creativecommons.org,Male,114.39.225.246
431,Haydon,Wackly,hwacklyby@wordpress.org,Male,173.43.56.206
432,Glad,Scrase,gscrasebz@bigcartel.com,Female,83.11.130.20
433,Howard,Gheeraert,hgheeraertc0@networkadvertising.org,Male,208.99.100.237
434,Chet,Scare,cscarec1@lulu.com,Male,220.164.130.137
435,Chryste,Dowdall,cdowdallc2@ucoz.com,Female,47.211.253.89
436,Audra,Jovanovic,ajovanovicc3@seesaa.net,Female,194.15.140.4
437,Levey,Haxbie,lhaxbiec4@adobe.com,Male,181.187.176.35
438,Maxy,Eseler,meselerc5@plala.or.jp,Male,97.95.89.175
439,Israel,Salvage,isalvagec6@ibm.com,Male,213.122.172.22
440,Lorita,Huske,lhuskec7@redcross.org,Female,96.98.204.195
441,Bevin,Merrilees,bmerrileesc8@cpanel.net,Male,222.251.169.174
442,Petunia,Faccini,pfaccinic9@vkontakte.ru,Female,32.45.251.176
443,Linell,Pahl,lpahlca@arizona.edu,Female,36.14.74.175
444,Chere,Hargreave,chargreavecb@lycos.com,Female,220.112.25.61
445,Catlaina,Messenger,cmessengercc@eepurl.com,Female,114.37.9.66
446,Tamma,Cumbridge,tcumbridgecd@google.pl,Female,236.140.157.80
447,Marcellina,Rockwill,mrockwillce@buzzfeed.com,Female,97.82.167.161
448,Felice,Whatsize,fwhatsizecf@github.com,Male,248.213.84.60
449,Belinda,Kytter,bkyttercg@mapquest.com,Female,26.102.240.82
450,Gilburt,Godfree,ggodfreech@youtu.be,Male,88.209.119.240
451,Marleah,Strowger,mstrowgerci@devhub.com,Female,203.204.163.109
452,Kelby,Carrabott,kcarrabottcj@ifeng.com,Male,16.58.74.121
453,Angus,Fagan,afaganck@techcrunch.com,Male,65.255.211.27
454,Micky,Roostan,mroostancl@mozilla.com,Female,46.175.37.161
455,Marc,Minchella,mminchellacm@bloomberg.com,Male,16.215.17.177
456,Lyle,Mullin,lmullincn@google.co.jp,Male,109.186.121.255
457,Emmerich,Abramof,eabramofco@purevolume.com,Male,171.98.28.180
458,Honoria,Scramage,hscramagecp@intel.com,Female,154.6.233.145
459,Lilllie,Franzman,lfranzmancq@scientificamerican.com,Female,71.149.222.191
460,Charil,Leighfield,cleighfieldcr@dropbox.com,Female,202.133.167.99
461,Hayes,Udey,hudeycs@mapy.cz,Male,160.158.143.65
462,Zora,McWaters,zmcwatersct@typepad.com,Female,174.208.105.192
463,Alon,Cosyns,acosynscu@macromedia.com,Male,121.134.59.108
464,Dru,Cropton,dcroptoncv@mac.com,Male,214.6.19.119
465,Eloise,Andreopolos,eandreopoloscw@wikia.com,Female,52.196.59.92
466,Annetta,Tofanini,atofaninicx@pagesperso-orange.fr,Female,80.114.212.167
467,Barry,Southeran,bsoutherancy@opensource.org,Male,254.54.217.103
468,Madison,Utridge,mutridgecz@mapy.cz,Male,51.100.131.94
469,Jaymie,Scholefield,jscholefieldd0@google.it,Male,178.213.98.45
470,Langsdon,Meyrick,lmeyrickd1@jimdo.com,Male,79.241.222.141
471,Clarence,Bendan,cbendand2@biglobe.ne.jp,Male,185.8.70.239
472,Betta,Fesby,bfesbyd3@oracle.com,Female,90.3.235.69
473,Margareta,Aris,marisd4@columbia.edu,Female,209.16.109.55
474,Amata,Manning,amanningd5@quantcast.com,Female,65.203.113.31
475,Rawley,Tivenan,rtivenand6@bloglines.com,Male,51.203.169.21
476,Angie,McFater,amcfaterd7@godaddy.com,Male,228.2.124.109
477,Benjy,Sandeland,bsandelandd8@creativecommons.org,Male,220.10.238.151
478,Savina,Gaunter,sgaunterd9@spotify.com,Female,139.217.132.221
479,Warren,Pentony,wpentonyda@usnews.com,Male,98.255.237.71
480,Iorgo,Martinson,imartinsondb@clickbank.net,Male,29.155.73.39
481,Eyde,Rydings,erydingsdc@phoca.cz,Female,98.104.31.124
482,Amalia,Childes,achildesdd@cam.ac.uk,Female,33.180.202.149
483,Saul,Goodie,sgoodiede@home.pl,Male,83.211.206.138
484,Rey,Wahncke,rwahnckedf@arizona.edu,Female,98.209.134.142
485,Paddie,Glassopp,pglassoppdg@about.me,Male,42.168.60.77
486,Bellanca,Bodle,bbodledh@dmoz.org,Female,151.221.25.115
487,Doy,Dalman,ddalmandi@utexas.edu,Male,90.177.19.144
488,Ardyth,Huntington,ahuntingtondj@yolasite.com,Female,95.64.4.5
489,Gibb,Cuffin,gcuffindk@google.com.br,Male,58.94.174.197
490,Kaylil,Dowles,kdowlesdl@ning.com,Female,102.165.218.84
491,Mel,O'Doohaine,modoohainedm@naver.com,Male,203.208.216.113
492,Garry,Sneaker,gsneakerdn@elegantthemes.com,Male,98.188.217.165
493,Rois,Conring,rconringdo@mail.ru,Female,134.167.103.206
494,Jarrett,Warlawe,jwarlawedp@zdnet.com,Male,26.194.134.115
495,Sheridan,O'Feeney,sofeeneydq@t.co,Male,205.46.253.195
496,Bertram,Wistance,bwistancedr@reuters.com,Male,133.246.119.183
497,Vaclav,Mafham,vmafhamds@de.vu,Male,242.227.250.73
498,Ainsley,Treven,atrevendt@netlog.com,Female,8.245.202.87
499,Felicio,O' Driscoll,fodriscolldu@fastcompany.com,Male,40.227.142.94
500,Carmelle,Seamon,cseamondv@list-manage.com,Female,46.151.158.38
501,Minnaminnie,Schwaiger,mschwaigerdw@pen.io,Female,12.197.246.130
502,Marena,Naldrett,mnaldrettdx@earthlink.net,Female,212.66.245.212
503,Jillie,Harridge,jharridgedy@mlb.com,Female,134.227.12.25
504,Ameline,O'Drought,aodroughtdz@cargocollective.com,Female,197.241.166.156
505,Pierre,Castagnasso,pcastagnassoe0@rambler.ru,Male,211.25.254.153
506,Michel,Spick,mspicke1@smh.com.au,Female,87.238.183.12
507,Englebert,Tuxill,etuxille2@huffingtonpost.com,Male,80.170.219.19
508,Ulla,Gotling,ugotlinge3@reverbnation.com,Female,132.147.70.144
509,Evangelina,Sarra,esarrae4@altervista.org,Female,205.181.242.38
510,Barris,Curragh,bcurraghe5@home.pl,Male,21.224.183.110
511,Keslie,Boodell,kboodelle6@google.com.hk,Female,33.188.60.6
512,Lily,Bonehill,lbonehille7@upenn.edu,Female,213.53.83.217
513,Quincey,Crabbe,qcrabbee8@dagondesign.com,Male,111.191.95.116
514,Blondelle,Sails,bsailse9@kickstarter.com,Female,173.48.29.54
515,Udell,Kilmister,ukilmisterea@java.com,Male,24.93.61.204
516,Charlie,Mazdon,cmazdoneb@unc.edu,Male,162.212.161.233
517,Bale,Kermeen,bkermeenec@aboutads.info,Male,213.178.116.87
518,Frannie,Shortin,fshortined@simplemachines.org,Female,200.60.247.22
519,Ferdinand,Purton,fpurtonee@shop-pro.jp,Male,44.198.143.176
520,Raynard,Tearny,rtearnyef@nydailynews.com,Male,141.140.246.227
521,Reinaldo,Macoun,rmacouneg@quantcast.com,Male,82.253.231.81
522,Mitchael,Farington,mfaringtoneh@tinyurl.com,Male,208.37.74.93
523,Wat,Turfes,wturfesei@trellian.com,Male,209.141.77.194
524,Melinde,Whisson,mwhissonej@cargocollective.com,Female,193.5.249.135
525,Tamar,Atkins,tatkinsek@uiuc.edu,Female,50.175.184.101
526,Hayyim,Craythorne,hcraythorneel@nationalgeographic.com,Male,196.209.101.99
527,Aaron,Douglas,adouglasem@washington.edu,Male,157.140.37.47
528,Zitella,Stoppe,zstoppeen@google.it,Female,222.46.37.244
529,Giles,Dissman,gdissmaneo@theglobeandmail.com,Male,65.197.145.203
530,Ofelia,Legrave,olegraveep@amazonaws.com,Female,217.164.235.145
531,Salaidh,Jerman,sjermaneq@typepad.com,Female,197.81.98.36
532,Georgetta,Ostler,gostlerer@shutterfly.com,Female,12.18.81.204
533,Free,Crehan,fcrehanes@wsj.com,Male,173.132.202.166
534,Jasper,Skeath,jskeathet@patch.com,Male,31.163.155.60
535,Meggi,Woolfenden,mwoolfendeneu@clickbank.net,Female,84.172.246.122
536,Leilah,McGilvra,lmcgilvraev@discovery.com,Female,185.123.133.135
537,Ingeborg,Le Grand,ilegrandew@360.cn,Female,47.34.46.208
538,Florie,Allsobrook,fallsobrookex@who.int,Female,139.58.91.56
539,Deva,Twelftree,dtwelftreeey@shinystat.com,Female,215.61.178.232
540,Padget,Demogeot,pdemogeotez@blogs.com,Male,9.50.139.111
541,Berthe,Bisco,bbiscof0@webmd.com,Female,155.44.209.19
542,Joann,Syers,jsyersf1@theglobeandmail.com,Female,171.156.148.183
543,Tris,Crush,tcrushf2@devhub.com,Male,75.76.210.201
544,Natka,Aslie,naslief3@biblegateway.com,Female,252.232.186.152
545,Chalmers,Tipling,ctiplingf4@cdc.gov,Male,124.50.58.101
546,Randal,Retchford,rretchfordf5@toplist.cz,Male,165.118.111.58
547,Thaddus,Chaudret,tchaudretf6@amazon.com,Male,26.217.73.74
548,Adriano,Pledger,apledgerf7@hatena.ne.jp,Male,75.52.66.182
549,Val,Nehl,vnehlf8@opera.com,Female,18.241.202.65
550,Delmar,Swatton,dswattonf9@hostgator.com,Male,157.209.8.253
551,Elroy,Hunnicutt,ehunnicuttfa@ihg.com,Male,40.230.120.208
552,Brewer,Ardern,bardernfb@elpais.com,Male,55.5.68.116
553,Ricki,Marchment,rmarchmentfc@omniture.com,Male,208.151.56.242
554,Danya,Henzley,dhenzleyfd@mapquest.com,Female,65.165.206.20
555,Susanetta,Giscken,sgisckenfe@google.com.au,Female,172.102.45.221
556,Consalve,Yashanov,cyashanovff@bloomberg.com,Male,223.132.68.47
557,Wiley,Heys,wheysfg@fda.gov,Male,86.122.207.183
558,Lorne,Perfitt,lperfittfh@prnewswire.com,Male,59.40.149.123
559,Allys,Malarkey,amalarkeyfi@jiathis.com,Female,251.28.160.189
560,Glynis,de Castelain,gdecastelainfj@hao123.com,Female,155.148.36.27
561,Quinn,Fairhead,qfairheadfk@thetimes.co.uk,Female,200.237.253.91
562,Laurella,Cade,lcadefl@flavors.me,Female,82.5.200.253
563,Ernie,Polin,epolinfm@tinypic.com,Male,113.0.167.254
564,Pooh,Stienham,pstienhamfn@mail.ru,Female,163.87.185.205
565,Kathryne,Reede,kreedefo@illinois.edu,Female,0.13.14.135
566,Charmaine,Farey,cfareyfp@examiner.com,Female,192.19.162.68
567,Ax,Kassel,akasselfq@oracle.com,Male,248.199.101.71
568,Jordanna,Cabel,jcabelfr@dyndns.org,Female,255.17.117.195
569,Jaimie,Abrahami,jabrahamifs@gmpg.org,Male,120.189.53.23
570,Xylia,Benford,xbenfordft@usnews.com,Female,79.126.245.31
571,Karol,Street,kstreetfu@com.com,Female,235.3.118.165
572,Chuck,Gounin,cgouninfv@irs.gov,Male,105.68.183.215
573,Doti,Coenraets,dcoenraetsfw@paginegialle.it,Female,116.100.14.91
574,Siward,Gremain,sgremainfx@weibo.com,Male,24.76.179.99
575,Kelbee,Bandiera,kbandierafy@nhs.uk,Male,57.194.129.83
576,Sydney,Suddell,ssuddellfz@indiatimes.com,Male,121.34.219.225
577,Dayle,Codi,dcodig0@google.ca,Female,65.202.225.87
578,Chickie,Marcinkus,cmarcinkusg1@people.com.cn,Male,56.186.55.92
579,Nathan,Partington,npartingtong2@gov.uk,Male,135.175.89.113
580,Ashla,Barrington,abarringtong3@ovh.net,Female,95.109.155.146
581,Sephira,Cutbush,scutbushg4@ftc.gov,Female,140.226.132.153
582,Rosabelle,Featherby,rfeatherbyg5@usda.gov,Female,141.253.62.27
583,Marcellus,Yuryev,myuryevg6@intel.com,Male,193.99.43.111
584,Mariana,Ordish,mordishg7@cam.ac.uk,Female,51.92.214.251
585,Garwood,Haswell,ghaswellg8@ustream.tv,Male,198.78.132.55
586,Alika,Andrewartha,aandrewarthag9@exblog.jp,Female,149.254.83.17
587,Reinhold,Germann,rgermannga@google.com.br,Male,31.114.143.78
588,Shana,Zmitrichenko,szmitrichenkogb@thetimes.co.uk,Female,146.187.220.39
589,Giraud,Claye,gclayegc@biblegateway.com,Male,192.93.217.87
590,Marlee,Bellow,mbellowgd@barnesandnoble.com,Female,38.194.134.182
591,Marquita,Gever,mgeverge@istockphoto.com,Female,209.198.86.40
592,Rena,Wrintmore,rwrintmoregf@google.com.au,Female,189.221.152.243
593,Tybi,Swiffin,tswiffingg@loc.gov,Female,16.117.152.69
594,Leicester,Quaintance,lquaintancegh@phoca.cz,Male,152.101.14.191
595,Rouvin,Cashell,rcashellgi@ucla.edu,Male,101.144.119.19
596,Godfree,McArdle,gmcardlegj@adobe.com,Male,204.148.184.177
597,Benson,Jacobsen,bjacobsengk@csmonitor.com,Male,141.185.66.74
598,Sonia,Tift,stiftgl@ocn.ne.jp,Female,115.9.126.77
599,Dag,Charleston,dcharlestongm@webmd.com,Male,0.104.70.161
600,Cointon,Croxall,ccroxallgn@omniture.com,Male,229.230.191.14
601,Basile,Giacomozzo,bgiacomozzogo@desdev.cn,Male,104.95.217.134
602,Dev,Cockshott,dcockshottgp@bloglovin.com,Male,92.130.163.164
603,Valeda,Georgeou,vgeorgeougq@msu.edu,Female,249.185.121.233
604,Zacharie,Kindell,zkindellgr@homestead.com,Male,8.148.251.164
605,Yehudit,Nairne,ynairnegs@chronoengine.com,Male,187.72.171.32
606,Jenni,Birks,jbirksgt@storify.com,Female,71.169.193.102
607,Zebadiah,Lamperti,zlampertigu@virginia.edu,Male,143.169.47.147
608,Elden,Gaish,egaishgv@reuters.com,Male,112.158.240.155
609,Silvana,Roland,srolandgw@google.ca,Female,4.168.19.221
610,Johnna,Neiland,jneilandgx@google.nl,Female,128.218.191.6
611,Mickey,Clohessy,mclohessygy@alibaba.com,Male,171.46.33.87
612,Mirilla,Berresford,mberresfordgz@ucoz.ru,Female,186.140.142.17
613,Gay,Braunstein,gbraunsteinh0@census.gov,Male,22.171.8.245
614,Erek,Keuning,ekeuningh1@dyndns.org,Male,3.243.119.110
615,Terrill,Cinelli,tcinellih2@pen.io,Male,156.82.111.207
616,Elizabet,Clemonts,eclemontsh3@furl.net,Female,135.218.40.242
617,Thekla,Baxandall,tbaxandallh4@xinhuanet.com,Female,37.53.77.20
618,Nikki,Pirrone,npirroneh5@phoca.cz,Female,224.233.114.50
619,Laureen,Bonin,lboninh6@ucoz.com,Female,252.0.186.62
620,Jacqueline,Bulbeck,jbulbeckh7@blogger.com,Female,25.192.233.43
621,Bartolomeo,Stopp,bstopph8@privacy.gov.au,Male,49.154.219.229
622,Phillie,Massot,pmassoth9@so-net.ne.jp,Female,96.5.15.13
623,Normie,Crewes,ncrewesha@4shared.com,Male,234.82.248.143
624,Kassandra,Nolin,knolinhb@sitemeter.com,Female,238.154.155.247
625,Mickey,Tommasuzzi,mtommasuzzihc@ow.ly,Male,214.49.114.218
626,Myrilla,Chedgey,mchedgeyhd@furl.net,Female,98.123.113.87
627,Mead,Huckell,mhuckellhe@myspace.com,Female,29.57.42.134
628,Gwennie,Kobes,gkobeshf@apache.org,Female,21.164.232.74
629,Millie,Bedberry,mbedberryhg@wiley.com,Female,53.180.237.164
630,Patrizio,Mc Giffin,pmcgiffinhh@prweb.com,Male,63.138.143.132
631,Katalin,Delahunty,kdelahuntyhi@webmd.com,Female,71.19.160.182
632,Pincus,Townsley,ptownsleyhj@jigsy.com,Male,30.49.12.195
633,Laraine,Gaughan,lgaughanhk@myspace.com,Female,197.213.238.249
634,Martainn,Grahl,mgrahlhl@i2i.jp,Male,8.123.164.45
635,Alfie,Ryott,aryotthm@upenn.edu,Male,108.27.129.53
636,Cosetta,Meritt,cmeritthn@answers.com,Female,145.172.115.206
637,Louis,Panketh,lpankethho@tinypic.com,Male,68.178.24.75
638,Petey,Riley,prileyhp@japanpost.jp,Male,78.9.28.29
639,Caritta,Winn,cwinnhq@g.co,Female,180.231.141.213
640,Garold,Beaford,gbeafordhr@zimbio.com,Male,53.43.172.175
641,Joyous,Blankhorn,jblankhornhs@nhs.uk,Female,219.253.114.179
642,Errol,Nigh,enighht@xing.com,Male,3.227.46.64
643,Ortensia,Lesper,olesperhu@exblog.jp,Female,92.84.128.51
644,Stefano,McElhinney,smcelhinneyhv@ft.com,Male,178.136.124.250
645,Bellina,Clawe,bclawehw@goodreads.com,Female,198.3.41.201
646,Ravid,Korneev,rkorneevhx@exblog.jp,Male,231.219.168.1
647,Merrili,McGooch,mmcgoochhy@nba.com,Female,255.209.76.151
648,Trudy,Wenger,twengerhz@phpbb.com,Female,106.63.25.175
649,Irwin,Hamor,ihamori0@cmu.edu,Male,27.234.60.186
650,Jobie,Hannent,jhannenti1@netvibes.com,Female,177.24.96.239
651,Christina,Urridge,curridgei2@dmoz.org,Female,179.217.253.100
652,Buddy,Joppich,bjoppichi3@hp.com,Male,70.80.18.32
653,Rufus,Salamon,rsalamoni4@noaa.gov,Male,212.192.183.54
654,Darrel,Postles,dpostlesi5@lycos.com,Male,188.208.82.57
655,Cissiee,Kirke,ckirkei6@last.fm,Female,44.160.85.94
656,Simon,Ife,sifei7@irs.gov,Male,22.230.21.216
657,Jelene,Whyard,jwhyardi8@oakley.com,Female,0.69.79.45
658,Wald,Mattiuzzi,wmattiuzzii9@opensource.org,Male,187.137.158.1
659,Keeley,Galway,kgalwayia@google.nl,Female,7.16.225.183
660,Constantine,Ellum,cellumib@wufoo.com,Male,190.88.199.104
661,Yancy,Duncklee,ydunckleeic@taobao.com,Male,152.219.212.169
662,Jillian,Earie,jearieid@tumblr.com,Female,49.195.155.42
663,Marley,Richmond,mrichmondie@example.com,Female,42.132.180.49
664,Rodger,Bohje,rbohjeif@github.com,Male,40.53.196.213
665,Lennard,Fullman,lfullmanig@weibo.com,Male,38.175.47.62
666,Thorndike,McCloch,tmcclochih@homestead.com,Male,39.210.134.50
667,Dorolisa,Gut,dgutii@addthis.com,Female,234.41.201.91
668,Nealson,Geri,ngeriij@bing.com,Male,101.134.127.99
669,Arte,Linebarger,alinebargerik@dmoz.org,Male,80.9.27.89
670,Geordie,Woolcocks,gwoolcocksil@ustream.tv,Male,50.32.23.195
671,Evie,Bartelli,ebartelliim@squarespace.com,Female,234.215.60.73
672,Abigale,Pollington,apollingtonin@bbb.org,Female,180.110.1.93
673,Trace,Stebbings,tstebbingsio@cyberchimps.com,Male,132.89.141.69
674,Nathanial,Aveling,navelingip@mapy.cz,Male,129.99.159.168
675,Richardo,Vint,rvintiq@epa.gov,Male,23.111.60.93
676,Ardyth,Craske,acraskeir@about.me,Female,154.224.22.111
677,Michail,Faragan,mfaraganis@narod.ru,Male,9.72.7.49
678,Hakeem,Peddel,hpeddelit@xinhuanet.com,Male,63.250.130.19
679,Portie,Beidebeke,pbeidebekeiu@irs.gov,Male,117.69.146.51
680,Aleda,Geke,agekeiv@guardian.co.uk,Female,212.137.231.130
681,Ashla,Butland,abutlandiw@reverbnation.com,Female,180.15.191.199
682,Florette,Puig,fpuigix@blogger.com,Female,244.14.96.187
683,Orelle,Whithorn,owhithorniy@nifty.com,Female,71.80.146.93
684,Beauregard,Strute,bstruteiz@xinhuanet.com,Male,88.117.93.6
685,Alanna,Bailie,abailiej0@blog.com,Female,130.216.250.142
686,Stormy,Leathwood,sleathwoodj1@admin.ch,Female,113.53.199.236
687,Woody,Ranald,wranaldj2@miibeian.gov.cn,Male,49.190.12.83
688,Eadie,Eisig,eeisigj3@harvard.edu,Female,243.202.159.148
689,Carine,Ellsom,cellsomj4@creativecommons.org,Female,128.254.204.104
690,Phillis,Warricker,pwarrickerj5@ox.ac.uk,Female,85.95.204.169
691,Delainey,Jakubovski,djakubovskij6@digg.com,Male,9.195.6.213
692,Lucius,Ungaretti,lungarettij7@slashdot.org,Male,152.165.251.69
693,Derron,Croucher,dcroucherj8@examiner.com,Male,130.176.108.214
694,Florence,Chappelow,fchappelowj9@bing.com,Female,87.187.219.21
695,Sam,Lanceter,slanceterja@amazon.com,Female,246.95.46.5
696,Ephrayim,Catley,ecatleyjb@ftc.gov,Male,17.219.189.105
697,Hyatt,Ivashin,hivashinjc@diigo.com,Male,86.146.11.28
698,Westbrook,Largen,wlargenjd@unicef.org,Male,96.119.241.165
699,Rollins,Saiens,rsaiensje@ask.com,Male,203.22.142.197
700,Nancey,Georgi,ngeorgijf@europa.eu,Female,162.136.219.175
701,Carl,Bedward,cbedwardjg@yandex.ru,Male,20.207.171.137
702,Tobye,McTrustam,tmctrustamjh@businesswire.com,Female,28.162.121.197
703,Charlena,Ricketts,crickettsji@scribd.com,Female,146.49.187.212
704,Hernando,Chilcott,hchilcottjj@census.gov,Male,248.140.138.82
705,Dorothee,Mixture,dmixturejk@paginegialle.it,Female,190.151.214.57
706,Carmelle,Titterington,ctitteringtonjl@wix.com,Female,119.130.181.254
707,Tobit,Van De Cappelle,tvandecappellejm@patch.com,Male,174.238.251.143
708,Valentina,Ygoe,vygoejn@sbwire.com,Female,37.34.94.6
709,Nels,Bulle,nbullejo@ucoz.com,Male,255.63.144.0
710,Melisa,Naismith,mnaismithjp@linkedin.com,Female,210.0.96.58
711,Koenraad,Portlock,kportlockjq@cbsnews.com,Male,184.136.92.92
712,Zora,Neeves,zneevesjr@go.com,Female,117.135.66.99
713,Willie,Babber,wbabberjs@archive.org,Male,49.100.131.165
714,Quillan,Wallman,qwallmanjt@google.com.au,Male,143.62.162.116
715,Tamar,Wicklen,twicklenju@hostgator.com,Female,7.62.138.223
716,Irvin,Addionizio,iaddioniziojv@utexas.edu,Male,16.128.163.194
717,Elvira,Churchlow,echurchlowjw@github.com,Female,38.87.164.179
718,Ailbert,Jacques,ajacquesjx@hubpages.com,Male,24.158.129.56
719,Gwenore,Forsythe,gforsythejy@cpanel.net,Female,169.191.11.139
720,Inigo,Claypole,iclaypolejz@nytimes.com,Male,151.45.15.193
721,Renell,O'Teague,roteaguek0@free.fr,Female,15.103.8.176
722,Donall,Brewis,dbrewisk1@cisco.com,Male,67.182.34.202
723,Irwin,Maylor,imaylork2@weibo.com,Male,73.168.29.30
724,Devonne,Baldin,dbaldink3@webmd.com,Female,24.67.152.155
725,Donnell,Winnard,dwinnardk4@upenn.edu,Male,200.185.212.33
726,Lowrance,Muldownie,lmuldowniek5@squarespace.com,Male,195.224.7.185
727,Trista,Vedeshkin,tvedeshkink6@wordpress.com,Female,11.195.117.88
728,Truman,Conelly,tconellyk7@wikispaces.com,Male,73.102.174.190
729,Mela,Guarin,mguarink8@delicious.com,Female,79.135.194.200
730,Gaby,Mackro,gmackrok9@ibm.com,Male,201.45.230.16
731,Cristie,Huncoot,chuncootka@delicious.com,Female,52.96.47.181
732,Dodie,Tabard,dtabardkb@amazon.co.uk,Female,128.6.150.231
733,Kissee,Stango,kstangokc@tmall.com,Female,161.85.170.224
734,Pat,Blazy,pblazykd@google.pl,Female,146.242.25.101
735,Lida,Millins,lmillinske@slideshare.net,Female,214.108.183.255
736,Estevan,Trenaman,etrenamankf@arstechnica.com,Male,38.130.197.97
737,Hadley,Maddyson,hmaddysonkg@imageshack.us,Male,94.95.20.30
738,Page,Graves,pgraveskh@google.com.br,Female,183.82.200.140
739,Becky,Giacovazzo,bgiacovazzoki@hugedomains.com,Female,211.94.6.109
740,Ade,Giraldon,agiraldonkj@sfgate.com,Male,128.60.40.206
741,Gussi,Werndly,gwerndlykk@fema.gov,Female,57.240.79.82
742,Florida,Beddon,fbeddonkl@si.edu,Female,225.147.32.13
743,Kristoffer,Fache,kfachekm@berkeley.edu,Male,153.162.29.195
744,Kizzee,Rasell,krasellkn@squarespace.com,Female,246.185.60.30
745,Nathaniel,Sivorn,nsivornko@latimes.com,Male,81.138.114.214
746,Coretta,Plumb,cplumbkp@ox.ac.uk,Female,8.229.153.185
747,Emlen,Parrett,eparrettkq@hud.gov,Male,160.101.184.208
748,Bernie,O'Dennehy,bodennehykr@howstuffworks.com,Female,7.93.42.51
749,Leonidas,Tharme,ltharmeks@dmoz.org,Male,254.191.54.220
750,Price,Friedlos,pfriedloskt@marketwatch.com,Male,26.154.68.76
751,Claudetta,Inglesfield,cinglesfieldku@kickstarter.com,Female,111.166.19.64
752,Sherline,Roark,sroarkkv@bizjournals.com,Female,73.4.169.218
753,Brigit,Bullimore,bbullimorekw@latimes.com,Female,76.219.132.216
754,Curtis,Antushev,cantushevkx@reuters.com,Male,16.12.140.38
755,Alexandrina,Claussen,aclaussenky@apple.com,Female,57.217.154.229
756,Lori,Preto,lpretokz@opera.com,Female,53.11.41.20
757,Nan,Paulich,npaulichl0@google.pl,Female,9.230.149.203
758,Jere,McGill,jmcgilll1@newsvine.com,Male,188.102.253.32
759,Nert,Seger,nsegerl2@mail.ru,Female,0.85.156.129
760,Madelon,Carville,mcarvillel3@japanpost.jp,Female,202.60.64.215
761,Luciana,Jevons,ljevonsl4@epa.gov,Female,167.210.152.178
762,Malchy,Judkins,mjudkinsl5@phoca.cz,Male,191.157.254.221
763,Frannie,Freear,ffreearl6@intel.com,Male,50.118.216.74
764,Teodor,Tournie,ttourniel7@ning.com,Male,15.1.126.46
765,Vassili,Beneix,vbeneixl8@g.co,Male,19.98.76.77
766,Had,Pluthero,hplutherol9@sourceforge.net,Male,157.10.36.41
767,Feodor,Playfair,fplayfairla@economist.com,Male,252.28.202.85
768,Gene,Gowry,ggowrylb@ask.com,Female,75.75.83.89
769,Haven,Redwood,hredwoodlc@livejournal.com,Male,161.33.84.46
770,Heriberto,Darcy,hdarcyld@smh.com.au,Male,22.250.23.29
771,Bernarr,Godly,bgodlyle@yale.edu,Male,139.159.172.35
772,Kevon,Daniel,kdaniellf@ftc.gov,Male,110.174.1.205
773,Julie,Diben,jdibenlg@reference.com,Female,188.222.70.169
774,Esmaria,D'Oyly,edoylylh@gmpg.org,Female,211.240.47.164
775,Fernande,Trapp,ftrappli@unblog.fr,Female,81.246.201.88
776,Vaughn,Carmody,vcarmodylj@a8.net,Male,31.99.98.105
777,Andreas,Beardall,abeardalllk@oaic.gov.au,Male,241.41.140.30
778,Julio,Ingerfield,jingerfieldll@google.nl,Male,155.225.132.130
779,Josh,Crush,jcrushlm@google.co.uk,Male,90.198.188.205
780,Lyda,Belcher,lbelcherln@archive.org,Female,188.67.171.180
781,Stella,Pech,spechlo@eventbrite.com,Female,252.153.237.188
782,Lloyd,Tacon,ltaconlp@gnu.org,Male,238.9.37.64
783,Ranice,Gailor,rgailorlq@google.fr,Female,160.58.78.173
784,Matthus,Shilton,mshiltonlr@tuttocitta.it,Male,14.244.157.59
785,Bucky,Lambregts,blambregtsls@sitemeter.com,Male,166.154.188.202
786,Keane,Strass,kstrasslt@ucsd.edu,Male,232.195.122.52
787,Martie,Castilla,mcastillalu@mapquest.com,Male,32.29.125.204
788,Nicoline,Klimentov,nklimentovlv@trellian.com,Female,226.87.194.64
789,Annamarie,Andrivel,aandrivellw@nytimes.com,Female,26.62.184.141
790,Alyosha,Glasson,aglassonlx@skyrock.com,Male,168.234.250.121
791,Eada,Meineken,emeinekenly@oaic.gov.au,Female,29.81.78.22
792,Horacio,Reckless,hrecklesslz@boston.com,Male,32.144.253.53
793,Cristabel,Measen,cmeasenm0@edublogs.org,Female,160.142.73.167
794,Jayne,Presswell,jpresswellm1@typepad.com,Female,170.8.229.168
795,Adolphe,Santello,asantellom2@soup.io,Male,35.59.165.18
796,Dunstan,Obray,dobraym3@senate.gov,Male,251.233.155.247
797,Leicester,MacPhail,lmacphailm4@dion.ne.jp,Male,132.62.249.52
798,Christophe,Gwin,cgwinm5@google.ru,Male,109.175.119.151
799,Claudelle,Zapatero,czapaterom6@nymag.com,Female,93.217.249.180
800,Griswold,Yorkston,gyorkstonm7@bluehost.com,Male,164.1.214.206
801,Marshal,Whitmarsh,mwhitmarshm8@engadget.com,Male,73.220.77.32
802,Rossie,Stancliffe,rstancliffem9@netvibes.com,Male,78.44.199.102
803,Abe,Duckett,aduckettma@earthlink.net,Male,214.115.99.43
804,Aleece,Stormonth,astormonthmb@newyorker.com,Female,234.32.116.118
805,Griffie,Ash,gashmc@auda.org.au,Male,199.232.248.56
806,Ezequiel,Vamplers,evamplersmd@ebay.com,Male,252.226.191.213
807,Farrell,Falkingham,ffalkinghamme@amazon.com,Male,122.5.112.113
808,Denys,Walch,dwalchmf@moonfruit.com,Male,49.200.118.250
809,Christie,McTerlagh,cmcterlaghmg@bloglines.com,Male,235.139.6.41
810,Obadiah,Jones,ojonesmh@state.tx.us,Male,48.29.56.30
811,Junie,Lobell,jlobellmi@mit.edu,Female,163.176.40.27
812,Reynolds,Abbay,rabbaymj@usnews.com,Male,101.83.202.140
813,Risa,Szymoni,rszymonimk@bbc.co.uk,Female,40.185.123.24
814,Cloe,Liepins,cliepinsml@zimbio.com,Female,15.198.167.207
815,Bord,Duffan,bduffanmm@youku.com,Male,6.111.148.126
816,Mariele,Elcott,melcottmn@guardian.co.uk,Female,202.90.49.126
817,Melicent,Neljes,mneljesmo@vinaora.com,Female,0.53.186.196
818,Luigi,MacMurray,lmacmurraymp@skype.com,Male,94.218.221.173
819,Natale,Grestie,ngrestiemq@plala.or.jp,Male,107.231.211.108
820,Erskine,Brownsell,ebrownsellmr@godaddy.com,Male,196.162.48.224
821,Amalea,Rhelton,arheltonms@indiatimes.com,Female,247.121.26.56
822,Lothario,Caddens,lcaddensmt@huffingtonpost.com,Male,253.101.59.149
823,Keeley,Polfer,kpolfermu@weebly.com,Female,75.127.223.159
824,Kath,Ginsie,kginsiemv@ebay.com,Female,52.149.16.56
825,Maxy,Oakenford,moakenfordmw@squidoo.com,Male,27.125.136.245
826,Sayre,Jennings,sjenningsmx@ftc.gov,Female,66.50.43.187
827,Kitti,Japp,kjappmy@tinyurl.com,Female,152.124.168.6
828,Jerrine,Laughnan,jlaughnanmz@netscape.com,Female,164.21.232.177
829,Georgie,Fackney,gfackneyn0@free.fr,Male,214.177.20.218
830,Annette,Innes,ainnesn1@example.com,Female,217.105.245.122
831,Burnaby,Soro,bsoron2@t-online.de,Male,79.15.47.110
832,Quinn,Brotherhood,qbrotherhoodn3@house.gov,Female,159.85.161.244
833,Octavia,Mace,omacen4@homestead.com,Female,244.98.77.253
834,Romonda,Spere,rsperen5@flavors.me,Female,9.192.55.131
835,Loria,McKechnie,lmckechnien6@paypal.com,Female,47.179.240.120
836,Cosme,Henstridge,chenstridgen7@networkadvertising.org,Male,248.215.40.97
837,Rolf,Samme,rsammen8@myspace.com,Male,123.156.4.181
838,Helga,Denziloe,hdenziloen9@simplemachines.org,Female,175.40.94.5
839,Birgit,Mortlock,bmortlockna@statcounter.com,Female,56.102.45.142
840,Lucias,Menpes,lmenpesnb@youtu.be,Male,44.89.138.49
841,Maurice,Macenzy,mmacenzync@friendfeed.com,Male,99.143.220.13
842,Godfree,Myring,gmyringnd@dailymail.co.uk,Male,82.210.251.130
843,Corbin,Spira,cspirane@goo.gl,Male,231.18.38.107
844,Lucia,Tomlinson,ltomlinsonnf@independent.co.uk,Female,141.111.99.89
845,Ellswerth,Bodleigh,ebodleighng@java.com,Male,62.202.213.47
846,Jerrilee,Gill,jgillnh@123-reg.co.uk,Female,176.107.175.141
847,Raffarty,Dufoure,rdufoureni@psu.edu,Male,135.73.103.17
848,Pablo,Hailston,phailstonnj@disqus.com,Male,109.33.106.60
849,Gweneth,Naper,gnapernk@jigsy.com,Female,175.236.105.90
850,Robby,Flasby,rflasbynl@people.com.cn,Male,248.223.233.14
851,Valentino,Rowena,vrowenanm@cnbc.com,Male,4.129.146.69
852,Rebeca,Dallyn,rdallynnn@stanford.edu,Female,53.117.121.20
853,Nathalia,Stell,nstellno@prnewswire.com,Female,234.225.150.110
854,Vincents,Runciman,vruncimannp@npr.org,Male,107.202.62.56
855,Barbabas,Ammer,bammernq@addtoany.com,Male,86.79.36.195
856,Avram,Arbor,aarbornr@ucla.edu,Male,101.156.33.195
857,Izaak,Woodier,iwoodierns@com.com,Male,156.144.255.53
858,Patti,Liddington,pliddingtonnt@pen.io,Female,127.154.37.39
859,Raimondo,Prue,rpruenu@youtu.be,Male,39.249.196.114
860,Ignace,Rabbage,irabbagenv@barnesandnoble.com,Male,67.101.231.112
861,Darb,Booy,dbooynw@scribd.com,Male,117.88.116.200
862,Roby,Rozalski,rrozalskinx@redcross.org,Female,47.72.221.82
863,Louis,Faunch,lfaunchny@va.gov,Male,18.126.95.215
864,Raynard,Corryer,rcorryernz@bizjournals.com,Male,58.60.242.49
865,Niels,Bonde,nbondeo0@nba.com,Male,40.127.75.133
866,Yehudi,Brugger,ybruggero1@woothemes.com,Male,15.25.117.34
867,Bobby,Knapp,bknappo2@cdc.gov,Female,159.244.129.148
868,Haven,Vasiljevic,hvasiljevico3@illinois.edu,Male,115.28.245.104
869,Sacha,Pietzke,spietzkeo4@dagondesign.com,Female,82.240.252.24
870,Judie,Balcock,jbalcocko5@linkedin.com,Female,89.2.2.30
871,Salomon,Berney,sberneyo6@rediff.com,Male,250.55.38.190
872,Arleen,Hedworth,ahedwortho7@sohu.com,Female,217.65.19.142
873,Ingra,Turland,iturlando8@squarespace.com,Male,184.175.23.37
874,Ilse,Aguirrezabala,iaguirrezabalao9@wisc.edu,Female,163.184.146.85
875,Blancha,Gartery,bgarteryoa@amazon.co.jp,Female,68.13.10.77
876,Twila,Rawlingson,trawlingsonob@yale.edu,Female,255.129.127.142
877,Winnifred,Karmel,wkarmeloc@theglobeandmail.com,Female,144.145.187.91
878,Estella,Trevain,etrevainod@51.la,Female,14.129.79.177
879,Kathie,Daine,kdaineoe@rambler.ru,Female,210.84.18.35
880,Merlina,Spadotto,mspadottoof@homestead.com,Female,108.113.123.201
881,Chanda,Gelletly,cgelletlyog@prlog.org,Female,215.173.185.7
882,John,Baptist,jbaptistoh@newsvine.com,Male,25.104.45.169
883,Astra,Loache,aloacheoi@bandcamp.com,Female,253.65.197.48
884,Norene,Shippard,nshippardoj@xing.com,Female,92.62.208.108
885,Theobald,Arangy,tarangyok@i2i.jp,Male,49.234.206.40
886,Thaddus,Gilson,tgilsonol@reuters.com,Male,16.38.242.37
887,Laverna,Penley,lpenleyom@plala.or.jp,Female,4.157.61.172
888,Horton,Bidewel,hbidewelon@usatoday.com,Male,249.169.241.221
889,Sydelle,Tille,stilleoo@weather.com,Female,94.83.118.56
890,Darcy,Elletson,delletsonop@surveymonkey.com,Male,140.219.243.58
891,Tabb,Castelijn,tcastelijnoq@phpbb.com,Male,233.202.158.184
892,Madelene,Roly,mrolyor@1und1.de,Female,135.103.42.93
893,Pascale,Bastin,pbastinos@timesonline.co.uk,Male,233.200.198.144
894,Lida,Ostick,lostickot@java.com,Female,179.72.14.253
895,Alfy,Geere,ageereou@marketwatch.com,Male,69.121.227.202
896,Amalie,Fabbro,afabbroov@ftc.gov,Female,80.229.254.76
897,Nicholas,Wasmuth,nwasmuthow@yelp.com,Male,35.104.207.117
898,Alleen,Shurrock,ashurrockox@scribd.com,Female,142.180.215.130
899,Padraic,Novic,pnovicoy@nba.com,Male,213.0.48.161
900,Yovonnda,Barbosa,ybarbosaoz@ask.com,Female,255.100.170.180
901,Jacquenette,Wotherspoon,jwotherspoonp0@earthlink.net,Female,84.78.34.179
902,Brion,Mitrovic,bmitrovicp1@gnu.org,Male,226.48.3.60
903,Leupold,Huban,lhubanp2@usda.gov,Male,174.219.204.245
904,Koralle,Emby,kembyp3@about.com,Female,243.30.215.176
905,Penni,Boldock,pboldockp4@google.com.au,Female,234.184.124.165
906,Idalia,Dale,idalep5@deviantart.com,Female,134.124.126.196
907,Gusella,Briars,gbriarsp6@myspace.com,Female,64.13.27.103
908,Ricki,Lemasney,rlemasneyp7@wufoo.com,Male,86.120.35.154
909,Florence,Washtell,fwashtellp8@symantec.com,Female,209.161.17.173
910,Borden,McLleese,bmclleesep9@jimdo.com,Male,14.35.49.108
911,Wini,MacGuffie,wmacguffiepa@uol.com.br,Female,62.138.124.29
912,Aryn,Barcroft,abarcroftpb@apple.com,Female,57.0.253.176
913,Audrey,Catton,acattonpc@google.pl,Female,63.213.252.134
914,Myrilla,Jenton,mjentonpd@bbb.org,Female,43.21.44.70
915,Joshia,Spray,jspraype@netlog.com,Male,159.12.121.228
916,Neda,Barlas,nbarlaspf@networksolutions.com,Female,37.94.218.220
917,Clyde,Ezzell,cezzellpg@addthis.com,Male,77.133.133.210
918,Petronia,Meir,pmeirph@smugmug.com,Female,137.227.18.191
919,Elaina,Raubenheimer,eraubenheimerpi@paypal.com,Female,173.65.234.113
920,Florance,Worsalls,fworsallspj@unblog.fr,Female,29.210.77.88
921,Faith,Insoll,finsollpk@buzzfeed.com,Female,193.67.226.104
922,Torie,Beart,tbeartpl@wisc.edu,Female,140.213.99.0
923,Reine,Tingey,rtingeypm@live.com,Female,238.194.93.23
924,Bernette,Milington,bmilingtonpn@prnewswire.com,Female,176.64.106.65
925,Enrique,Danilovic,edanilovicpo@alibaba.com,Male,47.73.22.177
926,Lorna,Athelstan,lathelstanpp@senate.gov,Female,168.190.55.248
927,Danita,Hucknall,dhucknallpq@china.com.cn,Female,216.244.243.162
928,Regan,Rosencwaig,rrosencwaigpr@patch.com,Male,73.86.18.43
929,Nap,Addinall,naddinallps@marketwatch.com,Male,18.226.63.157
930,Darlene,Blazic,dblazicpt@tripadvisor.com,Female,51.154.104.168
931,Marlo,Orthmann,morthmannpu@craigslist.org,Male,12.241.3.169
932,Adara,Beasant,abeasantpv@google.com.au,Female,121.156.75.29
933,Clifford,Mioni,cmionipw@globo.com,Male,134.15.105.186
934,Luciana,Perceval,lpercevalpx@wikimedia.org,Female,85.102.112.205
935,Carmelita,Matuszyk,cmatuszykpy@bbc.co.uk,Female,192.255.104.117
936,Candra,Backman,cbackmanpz@google.fr,Female,74.90.109.216
937,Janos,Clausen,jclausenq0@wufoo.com,Male,197.8.175.119
938,Hubert,Renahan,hrenahanq1@cargocollective.com,Male,22.111.69.155
939,Mahala,Cockerell,mcockerellq2@washingtonpost.com,Female,209.29.226.242
940,Jeniffer,Shane,jshaneq3@i2i.jp,Female,21.131.84.75
941,Brennan,Hutchcraft,bhutchcraftq4@webeden.co.uk,Male,185.121.174.149
942,Wadsworth,McDonagh,wmcdonaghq5@thetimes.co.uk,Male,41.13.68.122
943,Alfie,Lazenbury,alazenburyq6@nytimes.com,Female,245.137.1.160
944,Giralda,Chesswas,gchesswasq7@yale.edu,Female,229.147.118.73
945,Daisi,Trickey,dtrickeyq8@wikispaces.com,Female,194.28.182.28
946,Dulcia,Castrillo,dcastrilloq9@ebay.com,Female,30.119.59.110
947,Phillis,Quinton,pquintonqa@ebay.co.uk,Female,226.23.14.45
948,Ferrell,Strapp,fstrappqb@state.tx.us,Male,244.22.136.54
949,Dulcine,Brumbye,dbrumbyeqc@google.com.br,Female,88.232.178.189
950,Sybilla,Devorill,sdevorillqd@wufoo.com,Female,127.73.38.93
951,Chaim,Pipe,cpipeqe@hud.gov,Male,208.11.187.168
952,Phillipe,Dutnell,pdutnellqf@google.ru,Male,9.2.226.42
953,Daren,Winchcombe,dwinchcombeqg@theguardian.com,Male,234.250.228.173
954,Irma,Bruster,ibrusterqh@npr.org,Female,56.202.232.187
955,Alisha,McRae,amcraeqi@nature.com,Female,207.146.175.120
956,Fleur,Kynan,fkynanqj@spotify.com,Female,200.55.242.85
957,North,Gordon,ngordonqk@de.vu,Male,190.217.139.168
958,Adair,Carillo,acarilloql@comcast.net,Male,174.254.66.196
959,Ulises,Ferber,uferberqm@ebay.co.uk,Male,26.212.117.199
960,Bonnee,Borgars,bborgarsqn@mapquest.com,Female,154.48.50.148
961,Flor,Ickovici,fickoviciqo@baidu.com,Female,123.44.57.159
962,Genevieve,Bruinsma,gbruinsmaqp@histats.com,Female,1.212.22.40
963,Dan,Croy,dcroyqq@nydailynews.com,Male,162.208.101.123
964,Colas,Goakes,cgoakesqr@un.org,Male,64.71.19.39
965,Roz,Humberston,rhumberstonqs@auda.org.au,Female,247.208.104.107
966,Allsun,Haston,ahastonqt@webs.com,Female,72.4.15.247
967,Moyra,Grumell,mgrumellqu@trellian.com,Female,173.183.223.5
968,Clarke,Tissier,ctissierqv@cisco.com,Male,4.204.77.31
969,Ursa,Sivills,usivillsqw@multiply.com,Female,41.100.154.71
970,Den,Handaside,dhandasideqx@typepad.com,Male,133.227.16.18
971,Jozef,Robillard,jrobillardqy@163.com,Male,26.144.122.23
972,Randy,Martyns,rmartynsqz@narod.ru,Male,5.222.238.119
973,Sydney,Wrates,swratesr0@wordpress.org,Male,197.64.34.211
974,Giulio,Molen,gmolenr1@blinklist.com,Male,144.226.165.11
975,Ruthann,Girvan,rgirvanr2@unicef.org,Female,186.100.242.137
976,Boy,Channon,bchannonr3@weather.com,Male,235.122.101.46
977,Sergent,Drought,sdroughtr4@skyrock.com,Male,206.246.65.119
978,Quinton,Conichie,qconichier5@aol.com,Male,52.32.183.13
979,Rahel,Schuler,rschulerr6@gravatar.com,Female,89.139.188.233
980,Jodi,Joseff,jjoseffr7@tuttocitta.it,Male,243.28.136.161
981,Erick,Schoular,eschoularr8@blogspot.com,Male,71.41.140.117
982,Alma,Ughi,aughir9@hatena.ne.jp,Female,75.193.237.240
983,Dario,Costen,dcostenra@blogs.com,Male,224.196.1.99
984,Andrus,Jaxon,ajaxonrb@quantcast.com,Male,78.155.105.91
985,Nanon,Cometto,ncomettorc@time.com,Female,188.211.96.155
986,Bee,McCome,bmccomerd@nationalgeographic.com,Female,197.198.83.225
987,Tamas,Deluce,tdelucere@ted.com,Male,55.74.121.130
988,Clayton,Blackborough,cblackboroughrf@creativecommons.org,Male,1.115.108.173
989,Magda,Bech,mbechrg@marriott.com,Female,141.35.131.189
990,Georgeanna,Preene,gpreenerh@umn.edu,Female,124.112.107.219
991,Malinda,McGurk,mmcgurkri@mapy.cz,Female,222.145.143.17
992,Udell,Turmel,uturmelrj@hugedomains.com,Male,105.42.193.84
993,Rudie,Lashmar,rlashmarrk@chicagotribune.com,Male,218.241.142.92
994,Aldin,Pace,apacerl@abc.net.au,Male,209.13.179.78
995,Cari,Pfeffer,cpfefferrm@un.org,Female,138.149.25.211
996,Danya,Van der Kruijs,dvanderkruijsrn@whitehouse.gov,Male,66.68.219.74
997,Claybourne,Adam,cadamro@xinhuanet.com,Male,206.119.213.247
998,Priscilla,MacKaig,pmackaigrp@japanpost.jp,Female,104.204.37.5
999,Bennie,Abercrombie,babercrombierq@feedburner.com,Male,60.37.246.208
1000,Catlin,O'Heagertie,coheagertierr@zimbio.com,Female,102.8.64.175
